Author,AuthorID
BERIS Photis,1
Frank Kolo,2
TERRIER Fran√ßois,3
New item,4
,5
ROSSET Antoine,6
Natalia Dfouni,7
Jean Garcia,8
Martins Martina,9
BECKER Minerva,10
PETITPIERRE Nicolas,11
MP Bianchi / J Garcia,12
P Kindynis / J Garcia,13
DIDIER Dominique,14
M Martins/ N Howarth,15
Dr Hoogewoud M,16
Dr Hoogewoud,17
N Dfouni / M Becker,18
B. Minerva/ N. Dfouni,19
T de Perrot / F Terrier,20
KINKEL Karen,21
D Didier,22
M Martins/N Howarth,23
Ph Kyndinis / J Garcia,24
M Martins / N Howarth,25
DFOUNI Natalia,26
P Loubeyre,27
LOUBEYRE Pierre,28
M. Martins/N. Howarth,29
M.Martins/N.Howarth,30
M. Martins/N.Howarth,31
M.Martins /N. Howarth,32
KOHLER Romain,33
F Terrier,34
Karl O Lvblad,35
LOVBLAD Karl-Olof,36
K Minkner/ J Delavelle/ G Pizzolato,37
K Minkner/J Delavelle/G Pizzolato,38
K Minkner/ J Delavelle,39
DELAVELLE Jacqueline,40
K Minkner/ J Delavelle /G Pizzolato,41
N Dfouni,42
A Alimenti / N Dfouni,43
J Delavelle,44
J Delavelle/T Somon,45
T Somon/J Delavelle,46
K Lvblad / N Dfouni,47
Dooms Georges,48
DOOMS Georges / J Delavelle,49
J Delavelle/K Minkner/G Pizzolato,50
J Delavelle / K Minkner / G Pizzolato,51
K Minkner / J Delavelle,52
J Delavelle / K Minkner,53
J Delavelle/K Minkner,54
JEQUIER Sigrid,55
HANQUINET Sylviane,56
M Ansari / S Hanquinet,57
BECKER Christoph,58
MP Binachi / J Garcia,59
Ph Kyndinis,60
A. KELLER,61
MP Bianchi / N Dfouni,62
MP Bianchi,63
P Kyndinis / N Dfouni,64
P Kyndinis,65
